Intent,Question,Answer
definition_coordination,What is coordination in living organisms?,Coordination is the process by which different organs and systems of the body work together in a synchronized way to respond to stimuli and maintain proper functioning.
importance_coordination,Why is coordination important in living beings?,Coordination is important for the effective functioning of the body and enables organisms to respond to environmental changes appropriately.
movement_living_vs_non_living,How is movement in living organisms different from non-living things?,"Movement in living organisms is purposeful and related to life processes, whereas any motion in non-living things is due to external forces."
nervous_system_definition,What is the nervous system?,The nervous system is a network of specialized cells that transmit signals between different parts of the body to coordinate actions and responses.
components_nervous_system,What are the main components of the nervous system?,"The nervous system mainly consists of the brain, spinal cord, and nerves."
function_brain,What is the function of the brain?,"The brain acts as the control center of the body, processing sensory information and coordinating responses."
parts_brain,What are the main parts of the brain?,"The brain consists of three main parts: the forebrain, midbrain, and hindbrain."
role_forebrain,What is the role of the forebrain?,"The forebrain controls voluntary actions, processes sensory information, and is involved in thinking and decision-making."
role_midbrain,What is the function of the midbrain?,The midbrain helps in processing visual and auditory information and coordinating motor responses.
role_hindbrain,What is the role of the hindbrain?,"The hindbrain controls involuntary actions such as breathing, heartbeat, and balance."
reflex_action_10,What is a reflex action?,"A reflex action is an automatic and immediate response to a stimulus, controlled by the spinal cord."
stimulus_definition_11,What is a stimulus?,A stimulus is a change in the environment that causes a response in an organism.
example_reflex_12,Can you give an example of a reflex action?,Pulling your hand away from a hot surface is an example of a reflex action.
function_spinal_cord_13,What is the function of the spinal cord?,The spinal cord conducts sensory and motor nerve impulses to and from the brain and controls reflexes.
coordination_plants_14,Do plants also show coordination?,"Yes, plants respond to stimuli such as light, gravity, and touch, which shows coordination."
tropism_definition_15,What is tropism?,Tropism is the directional movement of a plant in response to a stimulus.
types_tropism_16,What are the types of tropism?,"The types include phototropism, geotropism, chemotropism, and thigmotropism."
phototropism_explanation_17,What is phototropism?,Phototropism is the growth of a plant part in response to light.
geotropism_explanation_18,What is geotropism?,Geotropism is the growth of plant parts in response to gravity.
chemotropism_example_19,What is an example of chemotropism?,Growth of the pollen tube towards the ovule due to chemical signals is an example of chemotropism.
reflex_action_20,What is a reflex action?,"A reflex action is an automatic and immediate response to a stimulus, controlled by the spinal cord."
stimulus_definition_21,What is a stimulus?,A stimulus is a change in the environment that causes a response in an organism.
example_reflex_22,Can you give an example of a reflex action?,Pulling your hand away from a hot surface is an example of a reflex action.
function_spinal_cord_23,What is the function of the spinal cord?,The spinal cord conducts sensory and motor nerve impulses to and from the brain and controls reflexes.
coordination_plants_24,Do plants also show coordination?,"Yes, plants respond to stimuli such as light, gravity, and touch, which shows coordination."
tropism_definition_25,What is tropism?,Tropism is the directional movement of a plant in response to a stimulus.
types_tropism_26,What are the types of tropism?,"The types include phototropism, geotropism, chemotropism, and thigmotropism."
phototropism_explanation_27,What is phototropism?,Phototropism is the growth of a plant part in response to light.
geotropism_explanation_28,What is geotropism?,Geotropism is the growth of plant parts in response to gravity.
chemotropism_example_29,What is an example of chemotropism?,Growth of the pollen tube towards the ovule due to chemical signals is an example of chemotropism.
reflex_action_30,What is a reflex action?,"A reflex action is an automatic and immediate response to a stimulus, controlled by the spinal cord."
stimulus_definition_31,What is a stimulus?,A stimulus is a change in the environment that causes a response in an organism.
example_reflex_32,Can you give an example of a reflex action?,Pulling your hand away from a hot surface is an example of a reflex action.
function_spinal_cord_33,What is the function of the spinal cord?,The spinal cord conducts sensory and motor nerve impulses to and from the brain and controls reflexes.
coordination_plants_34,Do plants also show coordination?,"Yes, plants respond to stimuli such as light, gravity, and touch, which shows coordination."
tropism_definition_35,What is tropism?,Tropism is the directional movement of a plant in response to a stimulus.
types_tropism_36,What are the types of tropism?,"The types include phototropism, geotropism, chemotropism, and thigmotropism."
phototropism_explanation_37,What is phototropism?,Phototropism is the growth of a plant part in response to light.
geotropism_explanation_38,What is geotropism?,Geotropism is the growth of plant parts in response to gravity.
chemotropism_example_39,What is an example of chemotropism?,Growth of the pollen tube towards the ovule due to chemical signals is an example of chemotropism.
reflex_action_40,What is a reflex action?,"A reflex action is an automatic and immediate response to a stimulus, controlled by the spinal cord."
stimulus_definition_41,What is a stimulus?,A stimulus is a change in the environment that causes a response in an organism.
example_reflex_42,Can you give an example of a reflex action?,Pulling your hand away from a hot surface is an example of a reflex action.
function_spinal_cord_43,What is the function of the spinal cord?,The spinal cord conducts sensory and motor nerve impulses to and from the brain and controls reflexes.
coordination_plants_44,Do plants also show coordination?,"Yes, plants respond to stimuli such as light, gravity, and touch, which shows coordination."
tropism_definition_45,What is tropism?,Tropism is the directional movement of a plant in response to a stimulus.
types_tropism_46,What are the types of tropism?,"The types include phototropism, geotropism, chemotropism, and thigmotropism."
phototropism_explanation_47,What is phototropism?,Phototropism is the growth of a plant part in response to light.
geotropism_explanation_48,What is geotropism?,Geotropism is the growth of plant parts in response to gravity.
chemotropism_example_49,What is an example of chemotropism?,Growth of the pollen tube towards the ovule due to chemical signals is an example of chemotropism.
variation_in_reproduction,How are variations created during reproduction?,"Variations arise during reproduction through small inaccuracies in DNA copying during asexual reproduction and through genetic recombination during sexual reproduction, leading to diversity among offspring."
variation_in_asexual_reproduction,Do asexual reproduction processes produce variations?,"Yes, asexual reproduction produces very minor variations due to small inaccuracies in DNA copying, but these variations are less compared to sexual reproduction."
variation_in_sexual_reproduction,Why does sexual reproduction produce more variations than asexual reproduction?,"Sexual reproduction combines genetic material from two parents, creating new combinations of genes and thus greater diversity among offspring."
variation_and_survival,Do all variations in a species have equal chances of survival?,"No, different variations provide different advantages depending on the environment, and natural selection favors those variations that enhance survival."
inheritance_definition,What is heredity?,Heredity is the process by which traits and characteristics are passed reliably from parents to offspring according to specific rules.
inherited_traits_example,What are inherited traits?,"Inherited traits are characteristics passed from parents to offspring, such as earlobe shape, which show similarities and differences among individuals."
earlobes_inheritance,How can earlobe types be inherited?,"Earlobe types, free or attached, are inherited traits where the type in children correlates with the parents' earlobe types, following specific inheritance patterns."
mendel_contributions,What were Mendel's contributions to genetics?,"Mendel discovered the fundamental laws of inheritance by studying pea plants and counting traits across generations, showing how traits are passed and expressed."
mendel_experiment_basic,What did Mendel observe in the first generation of pea plants?,"Mendel observed that the first generation (F1) showed only one of the parental traits, with no intermediate traits, indicating dominance of one trait."
dominant_and_recessive_traits,What are dominant and recessive traits?,"Dominant traits are expressed when at least one copy of the gene is present, while recessive traits are expressed only when two copies are present."
f2_generation_ratio,What is the significance of the 1:2:1 ratio in Mendel's F2 generation?,"The 1:2:1 ratio of TT, Tt, and tt genotypes in the F2 generation shows how traits segregate and combine independently during reproduction."
independent_inheritance,How are different traits inherited independently?,"Traits like seed shape and seed color are inherited independently because genes controlling them are on separate chromosomes, leading to new trait combinations."
gene_function_in_traits,How do genes control traits?,"Genes code for proteins such as enzymes that affect processes like hormone production, which in turn influence traits like plant height."
chromosome_role_in_inheritance,What role do chromosomes play in inheritance?,"Chromosomes carry genes in pairs; each parent contributes one chromosome of each pair to offspring, ensuring stable inheritance of traits."
germ_cells_and_gene_sets,How do germ cells contribute to genetic inheritance?,"Germ cells contain only one set of chromosomes, so when two germ cells fuse during fertilization, the offspring restore the full chromosome number."
sex_determination_humans,How is sex determined in human beings?,"Sex is determined by sex chromosomes: females have two X chromosomes (XX), males have one X and one Y chromosome (XY). The father's chromosome determines the child's sex."
sex_chromosome_inheritance,Which parent determines the sex of the child?,The father determines the sex of the child by passing either an X chromosome (resulting in a girl) or a Y chromosome (resulting in a boy).
dominant_trait_example,Give an example of a dominant trait in pea plants.,"Tallness in pea plants is a dominant trait, as seen in Mendel's experiments where F1 progeny were all tall when crossing tall and short plants."
recessive_trait_example,Give an example of a recessive trait in pea plants.,"Shortness in pea plants is a recessive trait, expressed only when the plant inherits two copies of the shortness gene."
mendelian_experiment_outcome,What did Mendel's experiments reveal about trait expression in F1 and F2 generations?,"Mendel showed that F1 generation expresses only the dominant trait, while F2 generation shows both dominant and recessive traits in a 3:1 ratio."
genetic_variation_importance,Why is genetic variation important for survival?,"Genetic variation allows species to adapt to changing environments, as some variations may provide survival advantages under specific conditions."
inheritance_in_asexual_organisms,Do asexual organisms follow inheritance rules?,"Yes, asexual organisms inherit traits through DNA copying, but with less variation compared to sexual reproduction."
mendel_laws_summary,What are the main laws of inheritance proposed by Mendel?,"Mendel proposed the law of segregation, where gene pairs separate during gamete formation, and the law of independent assortment, where genes for different traits are inherited independently."
sex_determination_in_other_species,How is sex determined in species other than humans?,"Sex determination varies; some species rely on environmental factors like temperature, others can change sex, while some have genetic sex determination."
environmental_sex_determination,Give an example of environmental sex determination.,"In some reptiles, the temperature at which eggs are incubated determines whether the offspring will be male or female."
sex_change_in_animals,Can some animals change sex?,"Yes, some animals like certain snails can change sex, indicating sex is not always genetically fixed."
genetic_material_contribution,Do both parents contribute equally to the genetic material of offspring?,"Yes, both parents contribute practically equal amounts of genetic material, with each parent providing one copy of each gene."
gene_copies_in_offspring,How many copies of each gene does a sexually reproducing organism have?,"They have two copies of each gene, one inherited from each parent."
protein_role_in_traits,How do proteins influence traits?,"Proteins, such as enzymes, control biochemical processes like hormone production that determine physical traits."
mendelian_experiment_with_two_traits,What happens when pea plants with two different traits are crossed?,"F1 progeny show dominant traits for both characteristics, and F2 progeny show new combinations due to independent inheritance."
independent_assortment_example,What is an example of independent assortment?,"The inheritance of seed shape and seed color in pea plants occurs independently, producing various combinations in offspring."
gene_alteration_effect,What effect does a gene alteration have on a trait?,"An alteration in a gene can change the efficiency of the protein it codes for, affecting the trait, such as making a plant shorter if the enzyme is less efficient."
chromosome_pairs_in_humans,How many chromosome pairs do humans have?,"Humans have 23 pairs of chromosomes, including 22 pairs of autosomes and one pair of sex chromosomes."
sex_chromosome_difference,What is the difference between male and female sex chromosomes?,"Females have two X chromosomes (XX), while males have one X and one Y chromosome (XY), with the Y being shorter."
mendelian_inheritance_experiment,How did Mendel test the inheritance of traits?,He crossed pea plants with contrasting traits and counted the number of offspring showing each trait across generations.
trait_expression_in_f1,Why do F1 plants show only one trait and not a mixture?,Because one trait is dominant and masks the expression of the recessive trait in heterozygous individuals.
f2_generation_trait_distribution,What trait distribution did Mendel observe in the F2 generation?,He observed a 3:1 ratio of dominant to recessive traits among the F2 progeny.
gene_pairing_in_sexual_reproduction,Why must each germ cell have only one set of genes?,"So that when two germ cells fuse during fertilization, the offspring have the correct two sets of genes, maintaining species stability."
chromosome_independent_inheritance,How does chromosome structure explain independent inheritance?,"Because genes are located on separate chromosomes, they can be inherited independently, allowing new trait combinations."
environmental_selection,How does the environment influence survival of variations?,"Environmental factors select for variants that are better adapted, leading to evolutionary changes over time."
mendelian_experiment_with_flower_color,What did Mendel observe about flower color inheritance?,"He observed that violet flower color was dominant over white, with all F1 progeny showing violet flowers."
genetic_makeup_in_mendel_experiment,What does the presence of short plants in F2 generation indicate about the F1 plants?,It indicates that F1 plants carry both tall and short genes but express only the dominant tall trait.
genetic_variation_in_population,Why do sexually reproducing populations show more visible variation than asexual populations?,"Because sexual reproduction mixes genes from two parents, creating new gene combinations and more variation."
dominant_trait_definition,Define a dominant trait.,A dominant trait is one that is expressed in the offspring even if only one copy of the gene is present.
recessive_trait_definition,Define a recessive trait.,"A recessive trait is expressed only when two copies of the gene are present, and no dominant gene is present."
mendelian_ratio_explanation,Explain the 3:1 ratio observed in Mendel's experiments.,"The 3:1 ratio occurs because dominant traits appear in three out of four offspring, while recessive traits appear in one out of four."
gene_pair_inheritance,How are gene pairs inherited in sexually reproducing organisms?,"Each parent contributes one gene of the pair, so offspring inherit two copies of each gene."
pea_plant_height_inheritance,How is height inherited in pea plants?,"Height is controlled by dominant and recessive alleles; tallness is dominant, shortness is recessive."
pea_seed_shape_inheritance,What are the dominant and recessive traits for pea seed shape?,"Round seed shape is dominant, while wrinkled seed shape is recessive."
pea_seed_color_inheritance,How are seed colors inherited in pea plants?,"Yellow seed color is dominant over green seed color, which is recessive."
mendelian_experiment_with_two_traits_outcome,What new combinations appear in F2 progeny when two traits are considered?,F2 progeny show combinations like tall with wrinkled seeds and short with round seeds due to independent assortment.
gene_expression_mechanism,How does gene expression affect traits?,"Gene expression controls the production of proteins that influence physical traits, such as enzymes affecting hormone levels."
sex_chromosome_pairing,Why are sex chromosomes different from other chromosomes?,"Because in males, the sex chromosomes are not identical pairs; they have one X and one smaller Y chromosome."
sex_chromosome_inheritance_pattern,What pattern of inheritance do sex chromosomes follow?,"Mothers always pass an X chromosome, while fathers pass either an X or a Y chromosome, determining the child's sex."
sex_ratio_in_humans,What is the expected sex ratio in human offspring?,"About half the children are expected to be boys and half girls, based on the father's contribution of X or Y chromosome."
mendelian_experiment_gene_counting,How did Mendel count and analyze traits?,He counted the number of offspring showing each trait in each generation to determine patterns of inheritance.
mendelian_experiment_impact,Why are Mendel's experiments important?,"They established the basic laws of inheritance, explaining how traits are passed and expressed across generations."
genetic_stability,How is genetic stability maintained across generations?,"By each germ cell contributing one chromosome from each pair, ensuring offspring have the correct chromosome number."
genetic_variation_sources,What are the sources of genetic variation?,"Variation arises from mutations, genetic recombination during sexual reproduction, and minor DNA copying errors in asexual reproduction."
environmental_selection_example,Give an example of environmental selection.,"Bacteria that can withstand heat survive better during heat waves, showing natural selection based on environmental pressures."
genetic_contribution_equal,How is equal genetic contribution ensured from both parents?,Each parent provides one copy of each gene through germ cells containing one set of chromosomes.
pea_plant_flower_color_inheritance,What did Mendel find about flower color inheritance?,"Violet flower color is dominant over white, with F1 progeny all showing violet flowers."
dominant_trait_identification,How can you identify a dominant trait?,A dominant trait appears in the offspring even if only one parent contributes the gene for it.
recessive_trait_identification,How can you identify a recessive trait?,A recessive trait appears only when both parents contribute the gene for it.
mendelian_experiment_self_pollination,Why did Mendel self-pollinate F1 plants?,To observe the segregation of traits in the F2 generation and confirm inheritance patterns.
gene_pair_variation,What happens if gene pairs are different?,"One gene may be dominant and expressed, while the other is recessive and masked."
genetic_linkage,What is genetic linkage?,When genes are located close together on the same chromosome and tend to be inherited together.
independent_assortment_definition,What is independent assortment?,The principle that genes for different traits are inherited independently of each other.
pea_plant_seed_shape_trait,What are the two seed shape traits in pea plants?,Round seeds (dominant) and wrinkled seeds (recessive).
pea_plant_seed_color_trait,What are the two seed color traits in pea plants?,Yellow seeds (dominant) and green seeds (recessive).
chromosome_number_in_germ_cells,How many chromosomes do germ cells have?,"Germ cells have one set of chromosomes, half the number found in body cells."
zygote_chromosome_number,How is the chromosome number restored in the zygote?,"By the fusion of two germ cells, each contributing one set of chromosomes."
mendelian_experiment_trait_ratio,What ratio of traits did Mendel observe in the F2 generation?,A 3:1 ratio of dominant to recessive traits.
sex_chromosome_difference_in_males,Why are male sex chromosomes different?,"Because males have one X and one shorter Y chromosome, unlike females who have two X chromosomes."
sex_chromosome_inheritance_mother,What sex chromosome do mothers pass to their children?,Mothers always pass an X chromosome to their children.
sex_chromosome_inheritance_father,What sex chromosome do fathers pass to their children?,Fathers can pass either an X chromosome (resulting in a girl) or a Y chromosome (resulting in a boy).
environmental_cues_in_sex_determination,How do environmental cues affect sex determination in some species?,"In some species, factors like temperature determine the sex of offspring during development."
sex_change_in_animals_example,Which animals can change sex?,"Some snails and other animals can change sex, showing sex is not always genetically fixed."
genetic_dominance_in_blood_groups,Can we determine dominance of blood groups from a father-mother-child combination?,Not always; additional information is needed because blood group inheritance can be complex.
genetic_makeup_of_tall_parent,What is the genetic makeup of a tall pea plant parent if half the progeny are short?,"The tall parent is heterozygous (Tt), carrying one dominant and one recessive allele."
inheritance_of_coat_color_in_dogs,How can we find the dominant coat color in dogs?,By breeding dogs with different coat colors and observing the traits expressed in the offspring.
equal_genetic_contribution_mechanism,How is equal genetic contribution from male and female ensured?,"Through the formation of germ cells that carry one set of chromosomes from each parent, which combine during fertilization."
variation_accumulation_over_generations,How do variations accumulate over generations?,"Each generation inherits traits from parents and also develops new variations, increasing diversity over time."
sexual_vs_asexual_variation,Compare variation in sexual and asexual reproduction.,"Sexual reproduction produces greater variation due to gene mixing, while asexual reproduction produces minor variations from DNA copying errors."
environmental_selection_role,What role does environmental selection play in evolution?,"It selects for individuals with advantageous variations, driving evolutionary change."
mendelian_experiment_with_flower_and_height,What did Mendel's experiment with tall violet and short white plants show?,"That violet flower color and tallness are dominant traits, but recessive traits can appear in later generations."
dominant_trait_expression_in_f1,Why do F1 progeny express only the dominant trait?,Because the dominant allele masks the effect of the recessive allele in heterozygous individuals.
f2_generation_trait_combinations,What new trait combinations appear in the F2 generation?,Combinations such as tall plants with wrinkled seeds or short plants with round seeds appear due to independent inheritance.
gene_sets_in_body_vs_germ_cells,How do gene sets differ in body cells and germ cells?,"Body cells have two sets of chromosomes, while germ cells have only one set."
mendelian_law_of_segregation,What is Mendel's law of segregation?,It states that gene pairs separate during gamete formation so each gamete carries only one allele of each gene.
mendelian_law_of_independent_assortment,What is Mendel's law of independent assortment?,It states that genes for different traits are inherited independently of each other.
protein_synthesis_and_traits,How does protein synthesis relate to trait expression?,"Genes code for proteins that carry out functions influencing traits, such as enzymes controlling hormone levels."
pea_plant_gene_pairs,How many copies of each gene do pea plants have?,"Pea plants have two copies of each gene, one from each parent."
sex_chromosome_pairing_in_females,What sex chromosomes do females have?,Females have two X chromosomes (XX).
sex_chromosome_pairing_in_males,What sex chromosomes do males have?,Males have one X and one Y chromosome (XY).
inheritance_of_sex_chromosomes,How are sex chromosomes inherited?,"Mothers always pass an X chromosome, fathers pass either X or Y, determining the sex of the child."
environmental_factors_affecting_inheritance,Can environmental factors affect inheritance?,"Yes, in some species, environmental factors like temperature can determine traits such as sex."
genetic_variation_and_evolution,How does genetic variation contribute to evolution?,"Variation provides material for natural selection to act upon, leading to evolutionary adaptation."
mendelian_experiment_flower_color_ratio,What ratio of flower colors did Mendel observe?,He observed a 3:1 ratio of violet to white flowers in the F2 generation.
genetic_inheritance_in_asexual_reproduction,How is genetic inheritance different in asexual reproduction?,"Asexual reproduction involves copying the parent's DNA with minimal variation, producing genetically similar offspring."
dominant_trait_inheritance_example,Give an example of dominant trait inheritance.,Tallness in pea plants is dominant; crossing tall and short plants results in tall offspring in F1.
recessive_trait_inheritance_example,Give an example of recessive trait inheritance.,Shortness in pea plants is recessive; it appears only when offspring inherit two recessive alleles.
sex_determination_in_reptiles,How is sex determined in some reptiles?,Sex is determined by the temperature at which fertilized eggs are incubated.
sex_change_in_snails,How do snails determine sex?,"Some snails can change sex, indicating sex is not genetically fixed."
inheritance_of_earlobe_type,How is earlobe type inherited?,Earlobe type is inherited as a trait where free earlobes are dominant and attached earlobes are recessive.
mendelian_experiment_with_flower_and_height_genes,What happens when pea plants with tall violet flowers are crossed with short white flowers?,"F1 progeny are all tall with violet flowers, showing dominance of these traits."
genetic_makeup_of_heterozygous_plant,What is a heterozygous genetic makeup?,"It means having two different alleles for a gene, one dominant and one recessive."
mendelian_experiment_self_pollination_result,What does self-pollination of F1 plants reveal?,"It reveals segregation of traits in F2, showing both dominant and recessive traits appear."
gene_inheritance_in_sexual_reproduction,How are genes inherited in sexual reproduction?,"Each parent contributes one allele for each gene, resulting in offspring with two alleles per gene."
pea_plant_trait_expression,Why do some traits not show in offspring even if inherited?,Because recessive traits are masked by dominant traits unless two recessive alleles are present.
genetic_variation_and_natural_selection,How does natural selection act on genetic variation?,"It favors individuals with advantageous traits, increasing their chances of survival and reproduction."
mendelian_experiment_trait_ratios,What ratios are typical in Mendelian inheritance?,Ratios like 3:1 for single traits and 9:3:3:1 for two traits are typical.
chromosome_separation_in_gametes,How do chromosomes separate during gamete formation?,Pairs of chromosomes separate so each gamete receives only one chromosome from each pair.
genetic_linkage_vs_independent_assortment,What is the difference between genetic linkage and independent assortment?,"Linked genes are inherited together, while independently assorted genes segregate separately."
pea_plant_flower_color_dominance,Which flower color is dominant in pea plants?,Violet flower color is dominant over white.
pea_plant_height_genotype,What genotype represents a tall pea plant?,"TT or Tt genotypes represent tall plants, with T being dominant."
pea_plant_height_phenotype,What phenotype results from tt genotype in pea plants?,"The plant is short, as tt is recessive."
sex_determination_by_chromosomes,How do chromosomes determine sex in humans?,"XX chromosomes result in females, XY in males."
inheritance_of_sex_linked_traits,How are sex-linked traits inherited?,Traits on the X chromosome are inherited differently by males and females due to their chromosome differences.
genetic_variation_in_population,Why is variation important in populations?,It provides the basis for adaptation and evolution through natural selection.
greeting_hello,Hi,Hello! How can I assist you today?
greeting_hello,Hello,Hi there! What can I help you with?
greeting_good_morning,Good morning,Good morning! How can I help you today?
greeting_good_evening,Good evening,Good evening! What would you like to know?
small_talk_how_are_you,How are you?,"I'm just a chatbot, but I'm here and ready to help you!"
small_talk_how_is_weather,How's the weather?,"I don't experience weather, but I can help you find the weather forecast if you want."
chatbot_capabilities,What can you do?,"I can answer your questions about biology up to class 10th, help with general queries, and assist with greetings and small talk."
general_doubt,I have a doubt,"Sure, please tell me your question and I'll do my best to help."
general_thanks,Thank you,You're welcome! Feel free to ask if you have more questions.
general_bye,Bye,Goodbye! Have a great day!
general_bye,See you later,See you! Come back anytime you need help.
biology_what_is_heredity,What is heredity?,Heredity is the process by which traits and characteristics are passed from parents to their offspring.
biology_what_is_variation,What is variation in biology?,"Variation refers to the differences in traits among individuals of the same species, which arise during reproduction."
biology_why_variation_important,Why is variation important for survival?,"Variation allows species to adapt to changing environments, increasing their chances of survival."
biology_dominant_and_recessive_traits,What are dominant and recessive traits?,"Dominant traits are expressed when at least one dominant gene is present, while recessive traits are expressed only when both genes are recessive."
biology_mendel_experiments,Who was Mendel and what did he discover?,Gregor Mendel was a scientist who discovered the basic laws of inheritance by studying pea plants and how traits are passed across generations.
biology_sex_determination,How is sex determined in humans?,"Sex in humans is determined by sex chromosomes: females have two X chromosomes (XX), and males have one X and one Y chromosome (XY). The father's chromosome determines the child's sex."
biology_what_are_genes,What are genes?,"Genes are sections of DNA that carry information to make proteins, which control traits in living organisms."
biology_chromosomes_role,What role do chromosomes play in inheritance?,"Chromosomes carry genes in pairs, with one chromosome inherited from each parent, ensuring traits are passed to offspring."
biology_difference_sex_chromosomes,What is the difference between X and Y chromosomes?,"The X chromosome is larger and carries many genes, while the Y chromosome is smaller and determines male sex characteristics."
biology_what_is_asexual_reproduction,What is asexual reproduction?,Asexual reproduction is a type of reproduction where offspring are produced from a single parent without the involvement of sex cells.
biology_what_is_sexual_reproduction,What is sexual reproduction?,"Sexual reproduction involves the fusion of two germ cells from two parents, resulting in offspring with genetic variation."
biology_how_do_variations_occur,How do variations occur in offspring?,Variations occur due to differences in genetic material inherited from parents and small changes during DNA copying or recombination.
biology_what_is_dominant_trait_example,Can you give an example of a dominant trait?,"In pea plants, tallness is a dominant trait, meaning a plant with one or two tall genes will be tall."
biology_what_is_recessive_trait_example,Can you give an example of a recessive trait?,"In pea plants, shortness is a recessive trait, expressed only when the plant inherits two short genes."
biology_what_is_f1_generation,What is the F1 generation in Mendel's experiments?,The F1 generation is the first generation of offspring from a cross between two parent plants with contrasting traits.
biology_what_is_f2_generation,What is the F2 generation in Mendel's experiments?,"The F2 generation is the offspring produced by self-pollinating the F1 generation, showing a mix of dominant and recessive traits."
biology_what_is_independent_assortment,What is independent assortment?,Independent assortment is the principle that genes for different traits are inherited independently from each other.
biology_what_are_earlobes_inheritance,How are earlobe types inherited?,"Earlobe types, such as free or attached, are inherited traits influenced by genes from both parents."
biology_what_is_gene_expression,How do genes control traits?,"Genes control traits by coding for proteins that affect processes like hormone production, which influence characteristics such as height."
biology_what_are_germ_cells,What are germ cells?,"Germ cells are reproductive cells that contain only one set of chromosomes, which combine during fertilization."
biology_why_germ_cells_have_one_set_of_chromosomes,Why do germ cells have only one set of chromosomes?,"So that when two germ cells fuse during fertilization, the offspring have the correct two sets of chromosomes."
biology_what_is_genetic_variation,What is genetic variation?,"Genetic variation refers to differences in DNA among individuals, leading to differences in traits."
biology_what_is_natural_selection,What is natural selection?,Natural selection is the process where individuals with advantageous traits survive and reproduce more successfully.
biology_what_is_phatic_communication,What is small talk or phatic communication?,"Small talk is casual conversation used to build rapport and avoid awkward silence, often used by chatbots to engage users."
general_how_to_ask_questions,How should I ask questions to get good answers?,"Try to be clear and specific in your questions, so I can provide the most accurate and helpful answers."
general_how_to_use_chatbot,How do I use this chatbot?,"Just type your question or message, and I will try to understand your intent and provide a helpful response."
general_how_to_get_help,How can I get help from you?,"You can ask me any question related to biology or general topics, and I'll do my best to assist you."
general_how_to_get_information,How can I get information from you?,"Just ask your question, and I'll provide the information you're looking for."
general_how_to_get_answers,How can I get answers from you?,"You can ask me any question, and I'll provide the best answer I can based on my knowledge."
general_how_to_get_advice,How can I get advice from you?,"You can ask for advice on various topics, and I'll provide suggestions based on the information available."
general_how_to_get_suggestions,How can I get suggestions from you?,"You can ask for suggestions on different topics, and I'll provide options based on your request."
general_how_to_get_recommendations,How can I get recommendations from you?,"You can ask for recommendations on various topics, and I'll provide suggestions based on your preferences."
general_how_to_get_feedback,How can I get feedback from you?,"You can ask for feedback on your questions or ideas, and I'll provide my thoughts based on the information available."
general_how_to_get_opinions,How can I get opinions from you?,"You can ask for my opinion on various topics, and I'll provide my perspective based on the information available."
general_how_to_get_assistance,How can I get assistance from you?,"You can ask for assistance on different topics, and I'll do my best to help you."
life_processes_definition,What are the essential life processes in living organisms?,"The essential life processes include nutrition, respiration, transportation, excretion, growth, reproduction, and movement, which together maintain life."
criteria_for_life,What criteria do we use to decide whether something is alive?,"An organism is considered alive if it performs life processes such as movement, respiration, growth, reproduction, and excretion, even if some movements are not visible to the naked eye."
raw_materials_for_life,What raw materials do organisms use for their life processes?,"Organisms use raw materials like food and oxygen, which vary depending on their complexity and environment."
autotrophic_nutrition_conditions,What are the necessary conditions for autotrophic nutrition and its by-products?,"Autotrophic nutrition requires carbon dioxide, water, chlorophyll, and sunlight to produce carbohydrates and oxygen through photosynthesis."
difference_between_aerobic_and_anaerobic_respiration,What are the differences between aerobic and anaerobic respiration?,"Aerobic respiration requires oxygen, occurs in cytoplasm and mitochondria, releases CO2 and water, and yields more energy. Anaerobic respiration occurs without oxygen, only in cytoplasm, produces varying end products like ethanol and CO2, and yields less energy."
examples_of_anaerobic_respiration,Which organisms use anaerobic respiration?,"Anaerobic respiration occurs in roots of waterlogged plants, some parasitic worms, animal muscles during intense activity, and microorganisms like yeast."
alveoli_structure_and_function,How are alveoli designed to maximize gas exchange?,"Alveoli are small balloon-like structures with thin walls and extensive blood vessel networks, providing a large surface area (~80 m²) for efficient gas exchange."
haemoglobin_deficiency_effects,What are the consequences of haemoglobin deficiency in the body?,"Haemoglobin deficiency reduces oxygen transport to cells, leading to oxygen deficiency and diseases like anemia."
double_circulation_in_humans,Describe double circulation in human beings and why it is necessary.,"Double circulation involves separate pulmonary and systemic circuits, ensuring efficient oxygenation of blood and delivery to body tissues, supported by the four-chambered heart."
cell_as_structural_functional_unit,Why is the cell called the structural and functional unit of life?,"Because all living organisms are made of cells, which carry out all necessary functions to sustain life."
chromosome_structure_and_function,What is the structure and function of chromosomes?,"Chromosomes are thread-like structures made of DNA and proteins, carrying genes that control inherited traits."
cell_cycle_and_division,What is the cell cycle and why is cell division important?,"The cell cycle is the series of stages a cell goes through to divide and produce new cells, essential for growth, repair, and reproduction."
meiosis_and_its_significance,What is meiosis and why is it important?,"Meiosis is a type of cell division that reduces chromosome number by half, producing germ cells for sexual reproduction and maintaining chromosome stability."
nutrition_in_humans,What are the steps involved in human nutrition?,"Human nutrition involves ingestion, digestion, absorption, transport, assimilation, and egestion."
autotrophic_vs_heterotrophic_nutrition,What is the difference between autotrophic and heterotrophic nutrition?,"Autotrophic nutrition synthesizes food from inorganic substances using sunlight, while heterotrophic nutrition obtains food by consuming other organisms."
types_of_heterotrophic_nutrition,What are the types of heterotrophic nutrition?,"Heterotrophic nutrition includes parasitic, saprophytic, and holozoic nutrition."
human_respiratory_system_parts,What are the main parts of the human respiratory system?,"The respiratory system includes the nose, pharynx, larynx, trachea, bronchi, bronchioles, and lungs."
aerobic_respiration_process,What happens during aerobic respiration?,"Glucose is broken down in the presence of oxygen to produce energy (ATP), carbon dioxide, and water."
transport_system_in_humans,What is the role of the circulatory system in humans?,"The circulatory system transports oxygen, carbon dioxide, nutrients, and waste products throughout the body."
structure_of_heart,What is the structure of the human heart?,"The heart has four chambers: right atrium, right ventricle, left atrium, and left ventricle, with valves ensuring unidirectional blood flow."
excretion_in_humans,How do humans excrete waste products?,Waste products like soluble nitrogen compounds are removed by nephrons in the kidneys through urine formation.
transport_in_plants,How do plants transport water and food?,"Water and minerals are transported by xylem, while food is transported by phloem."
xylem_vs_phloem,What is the difference between xylem and phloem?,Xylem transports water and minerals passively through dead cells; phloem transports food actively through living cells.
control_and_coordination_in_animals,How do animals control and coordinate their body functions?,Through the nervous system using electrical impulses and through hormones for chemical coordination.
types_of_nervous_responses,What are the types of nervous responses?,"Voluntary actions, involuntary actions, and reflex actions."
plant_hormones_and_tropic_movements,What are tropic movements and plant hormones?,"Tropic movements are growth responses to stimuli in plants, controlled by hormones like auxins."
chemical_coordination_in_animals,How does chemical coordination occur in animals?,Through hormones produced by glands that regulate various body functions.
feedback_mechanism_in_hormones,What is the feedback mechanism in hormonal control?,It is a regulatory system where the output of a process influences its own activity to maintain balance.
cell_structure_onion_peel,How do you observe cells in an onion peel?,"By placing a thin onion peel on a slide, staining it, and observing under a microscope to see cell walls and nucleus."
function_of_cell_nucleus,What is the function of the cell nucleus?,The nucleus controls cell activities and contains DNA which carries genetic information.
difference_between_unicellular_and_multicellular,What is the difference between unicellular and multicellular organisms?,"Unicellular organisms consist of a single cell, while multicellular organisms have specialized cells forming tissues and organs."
photosynthesis_process,What is photosynthesis?,"Photosynthesis is the process by which green plants use sunlight, carbon dioxide, and water to produce glucose and oxygen."
importance_of_photosynthesis,Why is photosynthesis important?,It produces food for plants and oxygen necessary for respiration in most living organisms.
human_digestive_system_parts,What are the main parts of the human digestive system?,"Mouth, esophagus, stomach, small intestine, large intestine, liver, pancreas, and anus."
function_of_salivary_amylase,What is the role of salivary amylase in digestion?,Salivary amylase breaks down starch into simpler sugars in the mouth.
role_of_liver_in_digestion,What role does the liver play in digestion?,"The liver produces bile which emulsifies fats, aiding their digestion."
function_of_kidneys,What is the function of kidneys in the human body?,Kidneys filter blood to remove nitrogenous wastes and maintain water and salt balance.
types_of_muscles_in_humans,What are the types of muscles in humans?,"Skeletal muscles, smooth muscles, and cardiac muscles."
function_of_skeletal_muscles,What is the function of skeletal muscles?,Skeletal muscles help in voluntary movements by attaching to bones.
function_of_cardiac_muscle,What is the function of cardiac muscle?,Cardiac muscle contracts rhythmically to pump blood throughout the body.
function_of_smooth_muscle,What is the function of smooth muscles?,Smooth muscles control involuntary movements in internal organs like the stomach and intestines.
human_skeleton_functions,What are the functions of the human skeleton?,"Support, protection of organs, movement, blood cell production, and mineral storage."
types_of_joints_in_humans,What are the types of joints in the human body?,"Fixed joints, slightly movable joints, and freely movable joints like ball-and-socket and hinge joints."
function_of_nervous_system,What is the function of the nervous system?,It coordinates body activities by transmitting electrical impulses between different body parts.
structure_of_neuron,What is the structure of a neuron?,"A neuron consists of a cell body, dendrites to receive signals, and an axon to transmit signals."
reflex_action_definition,What is a reflex action?,"A reflex action is an automatic, rapid response to a stimulus without conscious thought."
hormones_vs_neurotransmitters,What is the difference between hormones and neurotransmitters?,"Hormones are chemical messengers released into the blood to act on distant targets, while neurotransmitters transmit signals across synapses between neurons."
plant_tropisms,What are plant tropisms?,Plant tropisms are growth movements in response to environmental stimuli like light (phototropism) and gravity (gravitropism).
importance_of_water_for_plants,Why is water important for plants?,"Water is essential for photosynthesis, nutrient transport, maintaining cell turgidity, and temperature regulation."
types_of_roots,What are the types of roots in plants?,Tap roots and fibrous roots.
function_of_roots,What are the functions of roots in plants?,"Roots anchor the plant, absorb water and minerals, and sometimes store food."
types_of_stems,What are the types of stems in plants?,Herbaceous stems and woody stems.
function_of_stems,What are the functions of stems in plants?,"Stems support leaves and flowers, transport water and nutrients, and store food."
photosynthesis_equation,What is the chemical equation for photosynthesis?,6CO2 + 6H2O + sunlight → C6H12O6 + 6O2.
respiration_equation,What is the chemical equation for aerobic respiration?,C6H12O6 + 6O2 → 6CO2 + 6H2O + energy (ATP).
function_of_chlorophyll,What is the function of chlorophyll in plants?,Chlorophyll absorbs sunlight to provide energy for photosynthesis.
types_of_tissues_in_plants,What are the types of tissues in plants?,Meristematic tissues (growth tissues) and permanent tissues (like xylem and phloem).
function_of_xylem,What is the function of xylem in plants?,Xylem transports water and minerals from roots to other parts of the plant.
function_of_phloem,What is the function of phloem in plants?,Phloem transports food produced in the leaves to other parts of the plant.
types_of_muscles_in_plants,Do plants have muscles?,"No, plants do not have muscles; they move through growth movements and turgor changes."
types_of_reproduction,What are the types of reproduction in living organisms?,Asexual reproduction and sexual reproduction.
advantages_of_sexual_reproduction,What are the advantages of sexual reproduction?,"It creates genetic variation, which helps species adapt and survive environmental changes."
advantages_of_asexual_reproduction,What are the advantages of asexual reproduction?,"It is faster, requires only one parent, and produces genetically identical offspring."
examples_of_asexual_reproduction,Give examples of asexual reproduction.,"Binary fission in bacteria, budding in Hydra, and vegetative propagation in plants."
examples_of_sexual_reproduction,Give examples of sexual reproduction.,"Reproduction in humans, animals, and flowering plants."
function_of_dna,What is the function of DNA?,DNA carries genetic information that determines the traits of an organism.
structure_of_dna,What is the structure of DNA?,"DNA is a double helix made of nucleotides containing a sugar, phosphate group, and nitrogenous bases."
mutation_and_variation,How do mutations contribute to variation?,"Mutations are changes in DNA that can create new traits, contributing to genetic variation."
role_of_environment_in_variation,How does the environment influence variation?,"Environmental factors can affect which variations survive and reproduce, influencing evolution."
definition_of_evolution,What is evolution?,Evolution is the gradual change in species over generations due to genetic variation and natural selection.
importance_of_biodiversity,Why is biodiversity important?,"Biodiversity ensures ecosystem stability, provides resources, and allows adaptation to environmental changes."
examples_of_adaptation,What are some examples of adaptation?,"Camouflage in animals, thick fur in polar bears, and drought resistance in desert plants."
definition_of_ecosystem,What is an ecosystem?,An ecosystem is a community of living organisms interacting with each other and their physical environment.
food_chain_definition,What is a food chain?,A food chain shows the flow of energy and nutrients from one organism to another in an ecosystem.
types_of_ecosystems,What are the types of ecosystems?,"Terrestrial ecosystems like forests and grasslands, and aquatic ecosystems like freshwater and marine."
role_of_decomposers,What is the role of decomposers in an ecosystem?,"Decomposers break down dead organisms, recycling nutrients back into the soil."
definition_of_pollution,What is pollution?,Pollution is the introduction of harmful substances into the environment causing adverse effects.
types_of_pollution,What are the types of pollution?,"Air pollution, water pollution, soil pollution, and noise pollution."
effects_of_pollution,What are the effects of pollution?,"Pollution causes health problems, environmental damage, and loss of biodiversity."
ways_to_control_pollution,How can pollution be controlled?,"By reducing emissions, proper waste disposal, using clean energy, and planting trees."
definition_of_conservation,What is conservation?,Conservation is the protection and management of natural resources to prevent depletion.
methods_of_conservation,What are the methods of conservation?,"Afforestation, wildlife protection, sustainable use of resources, and pollution control."
importance_of_water_conservation,Why is water conservation important?,Water conservation ensures availability of clean water for future generations and maintains ecosystem health.
definition_of_soil_erosion,What is soil erosion?,"Soil erosion is the removal of topsoil by wind or water, reducing soil fertility."
causes_of_soil_erosion,What causes soil erosion?,"Deforestation, overgrazing, improper farming, and heavy rainfall."
methods_to_prevent_soil_erosion,How can soil erosion be prevented?,"By planting trees, contour plowing, terracing, and maintaining ground cover."
definition_of_greenhouse_effect,What is the greenhouse effect?,"The greenhouse effect is the trapping of heat by atmospheric gases, warming the Earth."
causes_of_global_warming,What causes global warming?,"Increased greenhouse gases from burning fossil fuels, deforestation, and industrial activities."
effects_of_global_warming,What are the effects of global warming?,"Rising sea levels, extreme weather, loss of habitats, and threats to biodiversity."
ways_to_reduce_global_warming,How can global warming be reduced?,"By using renewable energy, reducing deforestation, conserving energy, and promoting sustainable practices."
definition_of_pollination,What is pollination?,Pollination is the transfer of pollen from the male part to the female part of a flower for fertilization.
types_of_pollination,What are the types of pollination?,Self-pollination and cross-pollination.
agents_of_pollination,What are the agents of pollination?,"Wind, water, insects, birds, and animals."
definition_of_fertilization_in_plants,What is fertilization in plants?,Fertilization is the fusion of male and female gametes to form a zygote.
seed_dispersal_methods,What are the methods of seed dispersal?,"Wind, water, animals, and explosion of fruits."
importance_of_seed_dispersal,Why is seed dispersal important?,It helps in spreading offspring away from the parent plant to reduce competition and colonize new areas.
definition_of_biodiversity,What is biodiversity?,Biodiversity is the variety of all living organisms in a particular habitat or on Earth as a whole.
threats_to_biodiversity,What are the threats to biodiversity?,"Habitat destruction, pollution, climate change, overexploitation, and invasive species."
ways_to_protect_biodiversity,How can biodiversity be protected?,"By creating protected areas, sustainable resource use, habitat restoration, and environmental education."
definition_of_genetic_engineering,What is genetic engineering?,Genetic engineering is the manipulation of an organism's DNA to alter its characteristics.
applications_of_genetic_engineering,What are the applications of genetic engineering?,"Medicine (gene therapy), agriculture (GM crops), and research (gene cloning)."
ethical_issues_in_genetic_engineering,What are the ethical issues in genetic engineering?,"Concerns about safety, environmental impact, and moral implications of altering life forms."
definition_of_cloning,What is cloning?,Cloning is the process of creating a genetically identical copy of an organism or cell.
types_of_cloning,What are the types of cloning?,Reproductive cloning and therapeutic cloning.
applications_of_cloning,What are the applications of cloning?,"Agriculture (cloning plants), medicine (stem cell therapy), and conservation (endangered species)."
ethical_issues_in_cloning,What are the ethical issues in cloning?,"Concerns about identity, genetic diversity, and potential misuse of technology."
definition_of_stem_cells,What are stem cells?,Stem cells are undifferentiated cells that can develop into various cell types.
types_of_stem_cells,What are the types of stem cells?,Embryonic stem cells and adult stem cells.
applications_of_stem_cells,What are the applications of stem cells?,"Regenerative medicine, tissue repair, and research on diseases."
variation_in_reproduction,How are variations created during reproduction?,"Variations arise during reproduction through small inaccuracies in DNA copying during asexual reproduction and through genetic recombination during sexual reproduction, leading to diversity among offspring."
variation_in_asexual_reproduction,Do asexual reproduction processes produce variations?,"Yes, asexual reproduction produces very minor variations due to small inaccuracies in DNA copying, but these variations are less compared to sexual reproduction."
variation_in_sexual_reproduction,Why does sexual reproduction produce more variations than asexual reproduction?,"Sexual reproduction combines genetic material from two parents, creating new combinations of genes and thus greater diversity among offspring."
variation_and_survival,Do all variations in a species have equal chances of survival?,"No, different variations provide different advantages depending on the environment, and natural selection favors those variations that enhance survival."
inheritance_definition,What is heredity?,Heredity is the process by which traits and characteristics are passed reliably from parents to offspring according to specific rules.
inherited_traits_example,What are inherited traits?,"Inherited traits are characteristics passed from parents to offspring, such as earlobe shape, which show similarities and differences among individuals."
earlobes_inheritance,How can earlobe types be inherited?,"Earlobe types, free or attached, are inherited traits where the type in children correlates with the parents' earlobe types, following specific inheritance patterns."
mendel_contributions,What were Mendel's contributions to genetics?,"Mendel discovered the fundamental laws of inheritance by studying pea plants and counting traits across generations, showing how traits are passed and expressed."
mendel_experiment_basic,What did Mendel observe in the first generation of pea plants?,"Mendel observed that the first generation (F1) showed only one of the parental traits, with no intermediate traits, indicating dominance of one trait."
dominant_and_recessive_traits,What are dominant and recessive traits?,"Dominant traits are expressed when at least one copy of the gene is present, while recessive traits are expressed only when two copies are present."
f2_generation_ratio,What is the significance of the 1:2:1 ratio in Mendel's F2 generation?,"The 1:2:1 ratio of TT, Tt, and tt genotypes in the F2 generation shows how traits segregate and combine independently during reproduction."
independent_inheritance,How are different traits inherited independently?,"Traits like seed shape and seed color are inherited independently because genes controlling them are on separate chromosomes, leading to new trait combinations."
gene_function_in_traits,How do genes control traits?,"Genes code for proteins such as enzymes that affect processes like hormone production, which in turn influence traits like plant height."
chromosome_role_in_inheritance,What role do chromosomes play in inheritance?,"Chromosomes carry genes in pairs; each parent contributes one chromosome of each pair to offspring, ensuring stable inheritance of traits."
germ_cells_and_gene_sets,How do germ cells contribute to genetic inheritance?,"Germ cells contain only one set of chromosomes, so when two germ cells fuse during fertilization, the offspring restore the full chromosome number."
sex_determination_humans,How is sex determined in human beings?,"Sex is determined by sex chromosomes: females have two X chromosomes (XX), males have one X and one Y chromosome (XY). The father's chromosome determines the child's sex."
sex_chromosome_inheritance,Which parent determines the sex of the child?,The father determines the sex of the child by passing either an X chromosome (resulting in a girl) or a Y chromosome (resulting in a boy).
dominant_trait_example,Give an example of a dominant trait in pea plants.,"Tallness in pea plants is a dominant trait, as seen in Mendel's experiments where F1 progeny were all tall when crossing tall and short plants."
recessive_trait_example,Give an example of a recessive trait in pea plants.,"Shortness in pea plants is a recessive trait, expressed only when the plant inherits two copies of the shortness gene."
mendelian_experiment_outcome,What did Mendel's experiments reveal about trait expression in F1 and F2 generations?,"Mendel showed that F1 generation expresses only the dominant trait, while F2 generation shows both dominant and recessive traits in a 3:1 ratio."
genetic_variation_importance,Why is genetic variation important for survival?,"Genetic variation allows species to adapt to changing environments, as some variations may provide survival advantages under specific conditions."
inheritance_in_asexual_organisms,Do asexual organisms follow inheritance rules?,"Yes, asexual organisms inherit traits through DNA copying, but with less variation compared to sexual reproduction."
mendel_laws_summary,What are the main laws of inheritance proposed by Mendel?,"Mendel proposed the law of segregation, where gene pairs separate during gamete formation, and the law of independent assortment, where genes for different traits are inherited independently."
sex_determination_in_other_species,How is sex determined in species other than humans?,"Sex determination varies; some species rely on environmental factors like temperature, others can change sex, while some have genetic sex determination."
environmental_sex_determination,Give an example of environmental sex determination.,"In some reptiles, the temperature at which eggs are incubated determines whether the offspring will be male or female."
sex_change_in_animals,Can some animals change sex?,"Yes, some animals like certain snails can change sex, indicating sex is not always genetically fixed."
genetic_material_contribution,Do both parents contribute equally to the genetic material of offspring?,"Yes, both parents contribute practically equal amounts of genetic material, with each parent providing one copy of each gene."
gene_copies_in_offspring,How many copies of each gene does a sexually reproducing organism have?,"They have two copies of each gene, one inherited from each parent."
protein_role_in_traits,How do proteins influence traits?,"Proteins, such as enzymes, control biochemical processes like hormone production that determine physical traits."
mendelian_experiment_with_two_traits,What happens when pea plants with two different traits are crossed?,"F1 progeny show dominant traits for both characteristics, and F2 progeny show new combinations due to independent inheritance."
independent_assortment_example,What is an example of independent assortment?,"The inheritance of seed shape and seed color in pea plants occurs independently, producing various combinations in offspring."
gene_alteration_effect,What effect does a gene alteration have on a trait?,"An alteration in a gene can change the efficiency of the protein it codes for, affecting the trait, such as making a plant shorter if the enzyme is less efficient."
chromosome_pairs_in_humans,How many chromosome pairs do humans have?,"Humans have 23 pairs of chromosomes, including 22 pairs of autosomes and one pair of sex chromosomes."
sex_chromosome_difference,What is the difference between male and female sex chromosomes?,"Females have two X chromosomes (XX), while males have one X and one Y chromosome (XY), with the Y being shorter."
mendelian_inheritance_experiment,How did Mendel test the inheritance of traits?,He crossed pea plants with contrasting traits and counted the number of offspring showing each trait across generations.
trait_expression_in_f1,Why do F1 plants show only one trait and not a mixture?,Because one trait is dominant and masks the expression of the recessive trait in heterozygous individuals.
f2_generation_trait_distribution,What trait distribution did Mendel observe in the F2 generation?,He observed a 3:1 ratio of dominant to recessive traits among the F2 progeny.
gene_pairing_in_sexual_reproduction,Why must each germ cell have only one set of genes?,"So that when two germ cells fuse during fertilization, the offspring have the correct two sets of genes, maintaining species stability."
chromosome_independent_inheritance,How does chromosome structure explain independent inheritance?,"Because genes are located on separate chromosomes, they can be inherited independently, allowing new trait combinations."
environmental_selection,How does the environment influence survival of variations?,"Environmental factors select for variants that are better adapted, leading to evolutionary changes over time."
mendelian_experiment_with_flower_color,What did Mendel observe about flower color inheritance?,"He observed that violet flower color was dominant over white, with all F1 progeny showing violet flowers."
genetic_makeup_in_mendel_experiment,What does the presence of short plants in F2 generation indicate about the F1 plants?,It indicates that F1 plants carry both tall and short genes but express only the dominant tall trait.
genetic_variation_in_population,Why do sexually reproducing populations show more visible variation than asexual populations?,"Because sexual reproduction mixes genes from two parents, creating new gene combinations and more variation."
dominant_trait_definition,Define a dominant trait.,A dominant trait is one that is expressed in the offspring even if only one copy of the gene is present.
recessive_trait_definition,Define a recessive trait.,"A recessive trait is expressed only when two copies of the gene are present, and no dominant gene is present."
mendelian_ratio_explanation,Explain the 3:1 ratio observed in Mendel's experiments.,"The 3:1 ratio occurs because dominant traits appear in three out of four offspring, while recessive traits appear in one out of four."
gene_pair_inheritance,How are gene pairs inherited in sexually reproducing organisms?,"Each parent contributes one gene of the pair, so offspring inherit two copies of each gene."
pea_plant_height_inheritance,How is height inherited in pea plants?,"Height is controlled by dominant and recessive alleles; tallness is dominant, shortness is recessive."
pea_seed_shape_inheritance,What are the dominant and recessive traits for pea seed shape?,"Round seed shape is dominant, while wrinkled seed shape is recessive."
pea_seed_color_inheritance,How are seed colors inherited in pea plants?,"Yellow seed color is dominant over green seed color, which is recessive."
mendelian_experiment_with_two_traits_outcome,What new combinations appear in F2 progeny when two traits are considered?,F2 progeny show combinations like tall with wrinkled seeds and short with round seeds due to independent assortment.
gene_expression_mechanism,How does gene expression affect traits?,"Gene expression controls the production of proteins that influence physical traits, such as enzymes affecting hormone levels."
sex_chromosome_pairing,Why are sex chromosomes different from other chromosomes?,"Because in males, the sex chromosomes are not identical pairs; they have one X and one smaller Y chromosome."
sex_chromosome_inheritance_pattern,What pattern of inheritance do sex chromosomes follow?,"Mothers always pass an X chromosome, while fathers pass either an X or a Y chromosome, determining the child's sex."
sex_ratio_in_humans,What is the expected sex ratio in human offspring?,"About half the children are expected to be boys and half girls, based on the father's contribution of X or Y chromosome."
mendelian_experiment_gene_counting,How did Mendel count and analyze traits?,He counted the number of offspring showing each trait in each generation to determine patterns of inheritance.
mendelian_experiment_impact,Why are Mendel's experiments important?,"They established the basic laws of inheritance, explaining how traits are passed and expressed across generations."
genetic_stability,How is genetic stability maintained across generations?,"By each germ cell contributing one chromosome from each pair, ensuring offspring have the correct chromosome number."
genetic_variation_sources,What are the sources of genetic variation?,"Variation arises from mutations, genetic recombination during sexual reproduction, and minor DNA copying errors in asexual reproduction."
environmental_selection_example,Give an example of environmental selection.,"Bacteria that can withstand heat survive better during heat waves, showing natural selection based on environmental pressures."
genetic_contribution_equal,How is equal genetic contribution ensured from both parents?,Each parent provides one copy of each gene through germ cells containing one set of chromosomes.
pea_plant_flower_color_inheritance,What did Mendel find about flower color inheritance?,"Violet flower color is dominant over white, with F1 progeny all showing violet flowers."
dominant_trait_identification,How can you identify a dominant trait?,A dominant trait appears in the offspring even if only one parent contributes the gene for it.
recessive_trait_identification,How can you identify a recessive trait?,A recessive trait appears only when both parents contribute the gene for it.
mendelian_experiment_self_pollination,Why did Mendel self-pollinate F1 plants?,To observe the segregation of traits in the F2 generation and confirm inheritance patterns.
gene_pair_variation,What happens if gene pairs are different?,"One gene may be dominant and expressed, while the other is recessive and masked."
genetic_linkage,What is genetic linkage?,When genes are located close together on the same chromosome and tend to be inherited together.
independent_assortment_definition,What is independent assortment?,The principle that genes for different traits are inherited independently of each other.
pea_plant_seed_shape_trait,What are the two seed shape traits in pea plants?,Round seeds (dominant) and wrinkled seeds (recessive).
pea_plant_seed_color_trait,What are the two seed color traits in pea plants?,Yellow seeds (dominant) and green seeds (recessive).
chromosome_number_in_germ_cells,How many chromosomes do germ cells have?,"Germ cells have one set of chromosomes, half the number found in body cells."
zygote_chromosome_number,How is the chromosome number restored in the zygote?,"By the fusion of two germ cells, each contributing one set of chromosomes."
mendelian_experiment_trait_ratio,What ratio of traits did Mendel observe in the F2 generation?,A 3:1 ratio of dominant to recessive traits.
sex_chromosome_difference_in_males,Why are male sex chromosomes different?,"Because males have one X and one shorter Y chromosome, unlike females who have two X chromosomes."
sex_chromosome_inheritance_mother,What sex chromosome do mothers pass to their children?,Mothers always pass an X chromosome to their children.
sex_chromosome_inheritance_father,What sex chromosome do fathers pass to their children?,Fathers can pass either an X chromosome (resulting in a girl) or a Y chromosome (resulting in a boy).
environmental_cues_in_sex_determination,How do environmental cues affect sex determination in some species?,"In some species, factors like temperature determine the sex of offspring during development."
sex_change_in_animals_example,Which animals can change sex?,"Some snails and other animals can change sex, showing sex is not always genetically fixed."
genetic_dominance_in_blood_groups,Can we determine dominance of blood groups from a father-mother-child combination?,Not always; additional information is needed because blood group inheritance can be complex.
genetic_makeup_of_tall_parent,What is the genetic makeup of a tall pea plant parent if half the progeny are short?,"The tall parent is heterozygous (Tt), carrying one dominant and one recessive allele."
inheritance_of_coat_color_in_dogs,How can we find the dominant coat color in dogs?,By breeding dogs with different coat colors and observing the traits expressed in the offspring.
equal_genetic_contribution_mechanism,How is equal genetic contribution from male and female ensured?,"Through the formation of germ cells that carry one set of chromosomes from each parent, which combine during fertilization."
variation_accumulation_over_generations,How do variations accumulate over generations?,"Each generation inherits traits from parents and also develops new variations, increasing diversity over time."
sexual_vs_asexual_variation,Compare variation in sexual and asexual reproduction.,"Sexual reproduction produces greater variation due to gene mixing, while asexual reproduction produces minor variations from DNA copying errors."
environmental_selection_role,What role does environmental selection play in evolution?,"It selects for individuals with advantageous variations, driving evolutionary change."
mendelian_experiment_with_flower_and_height,What did Mendel's experiment with tall violet and short white plants show?,"That violet flower color and tallness are dominant traits, but recessive traits can appear in later generations."
dominant_trait_expression_in_f1,Why do F1 progeny express only the dominant trait?,Because the dominant allele masks the effect of the recessive allele in heterozygous individuals.
f2_generation_trait_combinations,What new trait combinations appear in the F2 generation?,Combinations such as tall plants with wrinkled seeds or short plants with round seeds appear due to independent inheritance.
gene_sets_in_body_vs_germ_cells,How do gene sets differ in body cells and germ cells?,"Body cells have two sets of chromosomes, while germ cells have only one set."
mendelian_law_of_segregation,What is Mendel's law of segregation?,It states that gene pairs separate during gamete formation so each gamete carries only one allele of each gene.
mendelian_law_of_independent_assortment,What is Mendel's law of independent assortment?,It states that genes for different traits are inherited independently of each other.
protein_synthesis_and_traits,How does protein synthesis relate to trait expression?,"Genes code for proteins that carry out functions influencing traits, such as enzymes controlling hormone levels."
pea_plant_gene_pairs,How many copies of each gene do pea plants have?,"Pea plants have two copies of each gene, one from each parent."
sex_chromosome_pairing_in_females,What sex chromosomes do females have?,Females have two X chromosomes (XX).
sex_chromosome_pairing_in_males,What sex chromosomes do males have?,Males have one X and one Y chromosome (XY).
inheritance_of_sex_chromosomes,How are sex chromosomes inherited?,"Mothers always pass an X chromosome, fathers pass either X or Y, determining the sex of the child."
environmental_factors_affecting_inheritance,Can environmental factors affect inheritance?,"Yes, in some species, environmental factors like temperature can determine traits such as sex."
genetic_variation_and_evolution,How does genetic variation contribute to evolution?,"Variation provides material for natural selection to act upon, leading to evolutionary adaptation."
mendelian_experiment_flower_color_ratio,What ratio of flower colors did Mendel observe?,He observed a 3:1 ratio of violet to white flowers in the F2 generation.
genetic_inheritance_in_asexual_reproduction,How is genetic inheritance different in asexual reproduction?,"Asexual reproduction involves copying the parent's DNA with minimal variation, producing genetically similar offspring."
dominant_trait_inheritance_example,Give an example of dominant trait inheritance.,Tallness in pea plants is dominant; crossing tall and short plants results in tall offspring in F1.
recessive_trait_inheritance_example,Give an example of recessive trait inheritance.,Shortness in pea plants is recessive; it appears only when offspring inherit two recessive alleles.
sex_determination_in_reptiles,How is sex determined in some reptiles?,Sex is determined by the temperature at which fertilized eggs are incubated.
sex_change_in_snails,How do snails determine sex?,"Some snails can change sex, indicating sex is not genetically fixed."
inheritance_of_earlobe_type,How is earlobe type inherited?,Earlobe type is inherited as a trait where free earlobes are dominant and attached earlobes are recessive.
mendelian_experiment_with_flower_and_height_genes,What happens when pea plants with tall violet flowers are crossed with short white flowers?,"F1 progeny are all tall with violet flowers, showing dominance of these traits."
genetic_makeup_of_heterozygous_plant,What is a heterozygous genetic makeup?,"It means having two different alleles for a gene, one dominant and one recessive."
mendelian_experiment_self_pollination_result,What does self-pollination of F1 plants reveal?,"It reveals segregation of traits in F2, showing both dominant and recessive traits appear."
gene_inheritance_in_sexual_reproduction,How are genes inherited in sexual reproduction?,"Each parent contributes one allele for each gene, resulting in offspring with two alleles per gene."
pea_plant_trait_expression,Why do some traits not show in offspring even if inherited?,Because recessive traits are masked by dominant traits unless two recessive alleles are present.
genetic_variation_and_natural_selection,How does natural selection act on genetic variation?,"It favors individuals with advantageous traits, increasing their chances of survival and reproduction."
mendelian_experiment_trait_ratios,What ratios are typical in Mendelian inheritance?,Ratios like 3:1 for single traits and 9:3:3:1 for two traits are typical.
chromosome_separation_in_gametes,How do chromosomes separate during gamete formation?,Pairs of chromosomes separate so each gamete receives only one chromosome from each pair.
genetic_linkage_vs_independent_assortment,What is the difference between genetic linkage and independent assortment?,"Linked genes are inherited together, while independently assorted genes segregate separately."
pea_plant_flower_color_dominance,Which flower color is dominant in pea plants?,Violet flower color is dominant over white.
pea_plant_height_genotype,What genotype represents a tall pea plant?,"TT or Tt genotypes represent tall plants, with T being dominant."
pea_plant_height_phenotype,What phenotype results from tt genotype in pea plants?,"The plant is short, as tt is recessive."
sex_determination_by_chromosomes,How do chromosomes determine sex in humans?,"XX chromosomes result in females, XY in males."
inheritance_of_sex_linked_traits,How are sex-linked traits inherited?,Traits on the X chromosome are inherited differently by males and females due to their chromosome differences.
genetic_variation_in_population,Why is variation important in populations?,It provides the basis for adaptation and evolution through natural selection.
life_processes_definition,What are the essential life processes in living organisms?,"The essential life processes include nutrition, respiration, transportation, excretion, growth, reproduction, and movement, which together maintain life."
criteria_for_life,What criteria do we use to decide whether something is alive?,"An organism is considered alive if it performs life processes such as movement, respiration, growth, reproduction, and excretion, even if some movements are not visible to the naked eye."
raw_materials_for_life,What raw materials do organisms use for their life processes?,"Organisms use raw materials like food and oxygen, which vary depending on their complexity and environment."
autotrophic_nutrition_conditions,What are the necessary conditions for autotrophic nutrition and its by-products?,"Autotrophic nutrition requires carbon dioxide, water, chlorophyll, and sunlight to produce carbohydrates and oxygen through photosynthesis."
difference_between_aerobic_and_anaerobic_respiration,What are the differences between aerobic and anaerobic respiration?,"Aerobic respiration requires oxygen, occurs in cytoplasm and mitochondria, releases CO2 and water, and yields more energy. Anaerobic respiration occurs without oxygen, only in cytoplasm, produces varying end products like ethanol and CO2, and yields less energy."
examples_of_anaerobic_respiration,Which organisms use anaerobic respiration?,"Anaerobic respiration occurs in roots of waterlogged plants, some parasitic worms, animal muscles during intense activity, and microorganisms like yeast."
alveoli_structure_and_function,How are alveoli designed to maximize gas exchange?,"Alveoli are small balloon-like structures with thin walls and extensive blood vessel networks, providing a large surface area (~80 m²) for efficient gas exchange."
haemoglobin_deficiency_effects,What are the consequences of haemoglobin deficiency in the body?,"Haemoglobin deficiency reduces oxygen transport to cells, leading to oxygen deficiency and diseases like anemia."
double_circulation_in_humans,Describe double circulation in human beings and why it is necessary.,"Double circulation involves separate pulmonary and systemic circuits, ensuring efficient oxygenation of blood and delivery to body tissues, supported by the four-chambered heart."
cell_as_structural_functional_unit,Why is the cell called the structural and functional unit of life?,"Because all living organisms are made of cells, which carry out all necessary functions to sustain life."
chromosome_structure_and_function,What is the structure and function of chromosomes?,"Chromosomes are thread-like structures made of DNA and proteins, carrying genes that control inherited traits."
cell_cycle_and_division,What is the cell cycle and why is cell division important?,"The cell cycle is the series of stages a cell goes through to divide and produce new cells, essential for growth, repair, and reproduction."
meiosis_and_its_significance,What is meiosis and why is it important?,"Meiosis is a type of cell division that reduces chromosome number by half, producing germ cells for sexual reproduction and maintaining chromosome stability."
nutrition_in_humans,What are the steps involved in human nutrition?,"Human nutrition involves ingestion, digestion, absorption, transport, assimilation, and egestion."
autotrophic_vs_heterotrophic_nutrition,What is the difference between autotrophic and heterotrophic nutrition?,"Autotrophic nutrition synthesizes food from inorganic substances using sunlight, while heterotrophic nutrition obtains food by consuming other organisms."
types_of_heterotrophic_nutrition,What are the types of heterotrophic nutrition?,"Heterotrophic nutrition includes parasitic, saprophytic, and holozoic nutrition."
human_respiratory_system_parts,What are the main parts of the human respiratory system?,"The respiratory system includes the nose, pharynx, larynx, trachea, bronchi, bronchioles, and lungs."
aerobic_respiration_process,What happens during aerobic respiration?,"Glucose is broken down in the presence of oxygen to produce energy (ATP), carbon dioxide, and water."
transport_system_in_humans,What is the role of the circulatory system in humans?,"The circulatory system transports oxygen, carbon dioxide, nutrients, and waste products throughout the body."
structure_of_heart,What is the structure of the human heart?,"The heart has four chambers: right atrium, right ventricle, left atrium, and left ventricle, with valves ensuring unidirectional blood flow."
excretion_in_humans,How do humans excrete waste products?,Waste products like soluble nitrogen compounds are removed by nephrons in the kidneys through urine formation.
transport_in_plants,How do plants transport water and food?,"Water and minerals are transported by xylem, while food is transported by phloem."
xylem_vs_phloem,What is the difference between xylem and phloem?,Xylem transports water and minerals passively through dead cells; phloem transports food actively through living cells.
control_and_coordination_in_animals,How do animals control and coordinate their body functions?,Through the nervous system using electrical impulses and through hormones for chemical coordination.
types_of_nervous_responses,What are the types of nervous responses?,"Voluntary actions, involuntary actions, and reflex actions."
plant_hormones_and_tropic_movements,What are tropic movements and plant hormones?,"Tropic movements are growth responses to stimuli in plants, controlled by hormones like auxins."
chemical_coordination_in_animals,How does chemical coordination occur in animals?,Through hormones produced by glands that regulate various body functions.
feedback_mechanism_in_hormones,What is the feedback mechanism in hormonal control?,It is a regulatory system where the output of a process influences its own activity to maintain balance.
cell_structure_onion_peel,How do you observe cells in an onion peel?,"By placing a thin onion peel on a slide, staining it, and observing under a microscope to see cell walls and nucleus."
function_of_cell_nucleus,What is the function of the cell nucleus?,The nucleus controls cell activities and contains DNA which carries genetic information.
difference_between_unicellular_and_multicellular,What is the difference between unicellular and multicellular organisms?,"Unicellular organisms consist of a single cell, while multicellular organisms have specialized cells forming tissues and organs."
photosynthesis_process,What is photosynthesis?,"Photosynthesis is the process by which green plants use sunlight, carbon dioxide, and water to produce glucose and oxygen."
importance_of_photosynthesis,Why is photosynthesis important?,It produces food for plants and oxygen necessary for respiration in most living organisms.
human_digestive_system_parts,What are the main parts of the human digestive system?,"Mouth, esophagus, stomach, small intestine, large intestine, liver, pancreas, and anus."
function_of_salivary_amylase,What is the role of salivary amylase in digestion?,Salivary amylase breaks down starch into simpler sugars in the mouth.
role_of_liver_in_digestion,What role does the liver play in digestion?,"The liver produces bile which emulsifies fats, aiding their digestion."
function_of_kidneys,What is the function of kidneys in the human body?,Kidneys filter blood to remove nitrogenous wastes and maintain water and salt balance.
types_of_muscles_in_humans,What are the types of muscles in humans?,"Skeletal muscles, smooth muscles, and cardiac muscles."
function_of_skeletal_muscles,What is the function of skeletal muscles?,Skeletal muscles help in voluntary movements by attaching to bones.
function_of_cardiac_muscle,What is the function of cardiac muscle?,Cardiac muscle contracts rhythmically to pump blood throughout the body.
function_of_smooth_muscle,What is the function of smooth muscles?,Smooth muscles control involuntary movements in internal organs like the stomach and intestines.
human_skeleton_functions,What are the functions of the human skeleton?,"Support, protection of organs, movement, blood cell production, and mineral storage."
types_of_joints_in_humans,What are the types of joints in the human body?,"Fixed joints, slightly movable joints, and freely movable joints like ball-and-socket and hinge joints."
function_of_nervous_system,What is the function of the nervous system?,It coordinates body activities by transmitting electrical impulses between different body parts.
structure_of_neuron,What is the structure of a neuron?,"A neuron consists of a cell body, dendrites to receive signals, and an axon to transmit signals."
reflex_action_definition,What is a reflex action?,"A reflex action is an automatic, rapid response to a stimulus without conscious thought."
hormones_vs_neurotransmitters,What is the difference between hormones and neurotransmitters?,"Hormones are chemical messengers released into the blood to act on distant targets, while neurotransmitters transmit signals across synapses between neurons."
plant_tropisms,What are plant tropisms?,Plant tropisms are growth movements in response to environmental stimuli like light (phototropism) and gravity (gravitropism).
importance_of_water_for_plants,Why is water important for plants?,"Water is essential for photosynthesis, nutrient transport, maintaining cell turgidity, and temperature regulation."
types_of_roots,What are the types of roots in plants?,Tap roots and fibrous roots.
function_of_roots,What are the functions of roots in plants?,"Roots anchor the plant, absorb water and minerals, and sometimes store food."
types_of_stems,What are the types of stems in plants?,Herbaceous stems and woody stems.
function_of_stems,What are the functions of stems in plants?,"Stems support leaves and flowers, transport water and nutrients, and store food."
photosynthesis_equation,What is the chemical equation for photosynthesis?,6CO2 + 6H2O + sunlight → C6H12O6 + 6O2.
respiration_equation,What is the chemical equation for aerobic respiration?,C6H12O6 + 6O2 → 6CO2 + 6H2O + energy (ATP).
function_of_chlorophyll,What is the function of chlorophyll in plants?,Chlorophyll absorbs sunlight to provide energy for photosynthesis.
types_of_tissues_in_plants,What are the types of tissues in plants?,Meristematic tissues (growth tissues) and permanent tissues (like xylem and phloem).
function_of_xylem,What is the function of xylem in plants?,Xylem transports water and minerals from roots to other parts of the plant.
function_of_phloem,What is the function of phloem in plants?,Phloem transports food produced in the leaves to other parts of the plant.
types_of_muscles_in_plants,Do plants have muscles?,"No, plants do not have muscles; they move through growth movements and turgor changes."
types_of_reproduction,What are the types of reproduction in living organisms?,Asexual reproduction and sexual reproduction.
advantages_of_sexual_reproduction,What are the advantages of sexual reproduction?,"It creates genetic variation, which helps species adapt and survive environmental changes."
advantages_of_asexual_reproduction,What are the advantages of asexual reproduction?,"It is faster, requires only one parent, and produces genetically identical offspring."
examples_of_asexual_reproduction,Give examples of asexual reproduction.,"Binary fission in bacteria, budding in Hydra, and vegetative propagation in plants."
examples_of_sexual_reproduction,Give examples of sexual reproduction.,"Reproduction in humans, animals, and flowering plants."
function_of_dna,What is the function of DNA?,DNA carries genetic information that determines the traits of an organism.
structure_of_dna,What is the structure of DNA?,"DNA is a double helix made of nucleotides containing a sugar, phosphate group, and nitrogenous bases."
mutation_and_variation,How do mutations contribute to variation?,"Mutations are changes in DNA that can create new traits, contributing to genetic variation."
role_of_environment_in_variation,How does the environment influence variation?,"Environmental factors can affect which variations survive and reproduce, influencing evolution."
definition_of_evolution,What is evolution?,Evolution is the gradual change in species over generations due to genetic variation and natural selection.
importance_of_biodiversity,Why is biodiversity important?,"Biodiversity ensures ecosystem stability, provides resources, and allows adaptation to environmental changes."
examples_of_adaptation,What are some examples of adaptation?,"Camouflage in animals, thick fur in polar bears, and drought resistance in desert plants."
definition_of_ecosystem,What is an ecosystem?,An ecosystem is a community of living organisms interacting with each other and their physical environment.
food_chain_definition,What is a food chain?,A food chain shows the flow of energy and nutrients from one organism to another in an ecosystem.
types_of_ecosystems,What are the types of ecosystems?,"Terrestrial ecosystems like forests and grasslands, and aquatic ecosystems like freshwater and marine."
role_of_decomposers,What is the role of decomposers in an ecosystem?,"Decomposers break down dead organisms, recycling nutrients back into the soil."
definition_of_pollution,What is pollution?,Pollution is the introduction of harmful substances into the environment causing adverse effects.
types_of_pollution,What are the types of pollution?,"Air pollution, water pollution, soil pollution, and noise pollution."
effects_of_pollution,What are the effects of pollution?,"Pollution causes health problems, environmental damage, and loss of biodiversity."
ways_to_control_pollution,How can pollution be controlled?,"By reducing emissions, proper waste disposal, using clean energy, and planting trees."
definition_of_conservation,What is conservation?,Conservation is the protection and management of natural resources to prevent depletion.
methods_of_conservation,What are the methods of conservation?,"Afforestation, wildlife protection, sustainable use of resources, and pollution control."
importance_of_water_conservation,Why is water conservation important?,Water conservation ensures availability of clean water for future generations and maintains ecosystem health.
definition_of_soil_erosion,What is soil erosion?,"Soil erosion is the removal of topsoil by wind or water, reducing soil fertility."
causes_of_soil_erosion,What causes soil erosion?,"Deforestation, overgrazing, improper farming, and heavy rainfall."
methods_to_prevent_soil_erosion,How can soil erosion be prevented?,"By planting trees, contour plowing, terracing, and maintaining ground cover."
definition_of_greenhouse_effect,What is the greenhouse effect?,"The greenhouse effect is the trapping of heat by atmospheric gases, warming the Earth."
causes_of_global_warming,What causes global warming?,"Increased greenhouse gases from burning fossil fuels, deforestation, and industrial activities."
effects_of_global_warming,What are the effects of global warming?,"Rising sea levels, extreme weather, loss of habitats, and threats to biodiversity."
ways_to_reduce_global_warming,How can global warming be reduced?,"By using renewable energy, reducing deforestation, conserving energy, and promoting sustainable practices."
definition_of_pollination,What is pollination?,Pollination is the transfer of pollen from the male part to the female part of a flower for fertilization.
types_of_pollination,What are the types of pollination?,Self-pollination and cross-pollination.
agents_of_pollination,What are the agents of pollination?,"Wind, water, insects, birds, and animals."
definition_of_fertilization_in_plants,What is fertilization in plants?,Fertilization is the fusion of male and female gametes to form a zygote.
seed_dispersal_methods,What are the methods of seed dispersal?,"Wind, water, animals, and explosion of fruits."
importance_of_seed_dispersal,Why is seed dispersal important?,It helps in spreading offspring away from the parent plant to reduce competition and colonize new areas.
definition_of_biodiversity,What is biodiversity?,Biodiversity is the variety of all living organisms in a particular habitat or on Earth as a whole.
threats_to_biodiversity,What are the threats to biodiversity?,"Habitat destruction, pollution, climate change, overexploitation, and invasive species."
ways_to_protect_biodiversity,How can biodiversity be protected?,"By creating protected areas, sustainable resource use, habitat restoration, and environmental education."
definition_of_ecological_balance,What is ecological balance?,Ecological balance is the state of equilibrium between living organisms and their environment.
importance_of_ecological_balance,Why is ecological balance important?,"It maintains ecosystem stability, supports biodiversity, and ensures sustainable resource use."
ways_to_maintain_ecological_balance,How can ecological balance be maintained?,"By conserving natural resources, protecting habitats, reducing pollution, and promoting sustainable practices."
